<?xml version="1.0" encoding="UTF-8"?>
<project-private xmlns="http://www.netbeans.org/ns/project-private/1">
    <editor-bookmarks xmlns="http://www.netbeans.org/ns/editor-bookmarks/2" lastBookmarkId="0"/>
    <open-files xmlns="http://www.netbeans.org/ns/projectui-open-files/2">
        <group>
            <file>file:/C:/Users/Serhii/Documents/NetBeansProjects/FinalProject/src/recordkeeping/system/StudentAddition.java</file>
            <file>file:/C:/Users/Serhii/Documents/NetBeansProjects/FinalProject/src/recordkeeping/system/Assessment.java</file>
            <file>file:/C:/Users/Serhii/Documents/NetBeansProjects/FinalProject/src/recordkeeping/system/Student.java</file>
            <file>file:/C:/Users/Serhii/Documents/NetBeansProjects/FinalProject/src/recordkeeping/system/StudentSearch.java</file>
            <file>file:/C:/Users/Serhii/Documents/NetBeansProjects/FinalProject/src/recordkeeping/system/TeacherSearch.java</file>
            <file>file:/C:/Users/Serhii/Documents/NetBeansProjects/FinalProject/src/recordkeeping/system/AssessmentFrame.java</file>
            <file>file:/C:/Users/Serhii/Documents/NetBeansProjects/FinalProject/src/recordkeeping/system/MainFrame.java</file>
            <file>file:/C:/Users/Serhii/Documents/NetBeansProjects/FinalProject/src/recordkeeping/system/TeacherAddition.java</file>
        </group>
    </open-files>
</project-private>
